START,STOP,PATIENT,ENCOUNTER,CODE,DESCRIPTION
2010-07-21,2010-07-28,d9f90c91-2e37-40ca-a574-89b33a120d16,80b53218-11a5-4d4b-89b0-7032adfdc599,195662009,Acute viral pharyngitis (disorder)
2010-07-26,2010-08-02,d9f90c91-2e37-40ca-a574-89b33a120d16,287735ae-e520-474d-a750-bf624e5bf8a9,444814009,Viral sinusitis (disorder)
2010-08-11,2010-09-15,d9f90c91-2e37-40ca-a574-89b33a120d16,91ac1c8b-d5c9-48ba-bfce-56dcb8013538,70704007,Sprain of wrist
2010-11-30,2010-12-14,d9f90c91-2e37-40ca-a574-89b33a120d16,32a44953-1a55-4a6a-9e61-8f91d968baea,72892002,Normal pregnancy
2010-11-30,,d9f90c91-2e37-40ca-a574-89b33a120d16,32a44953-1a55-4a6a-9e61-8f91d968baea,19169002,Miscarriage in first trimester
2010-11-30,2010-12-14,d9f90c91-2e37-40ca-a574-89b33a120d16,32a44953-1a55-4a6a-9e61-8f91d968baea,35999006,Blighted ovum
2015-12-12,2016-05-14,d9f90c91-2e37-40ca-a574-89b33a120d16,dac4bbc1-346b-47e2-868a-cc3cfbaee21d,75498004,Acute bacterial sinusitis (disorder)
2016-01-30,,d9f90c91-2e37-40ca-a574-89b33a120d16,fd107bce-82ed-47a5-9183-6f1970df40c9,40055000,Chronic sinusitis (disorder)
2017-03-12,2017-04-16,d9f90c91-2e37-40ca-a574-89b33a120d16,6a08a775-3850-4794-8ee0-3ff8c5a397b0,44465007,Sprain of ankle
2021-12-05,2022-01-16,d9f90c91-2e37-40ca-a574-89b33a120d16,01ed1307-953f-49ba-948b-4229ba73ecfd,75498004,Acute bacterial sinusitis (disorder)
2023-11-03,2023-11-24,d9f90c91-2e37-40ca-a574-89b33a120d16,d99a10bd-738f-4d78-906f-14ca4e7d2674,75498004,Acute bacterial sinusitis (disorder)
